{"cameraMode":{"drawMode":0,"name":"Shaded","section":"Shading Mode"},"sceneLighting":true,"audioPlay":false,"sceneViewState":{"showFog":true,"showMaterialUpdate":true,"showSkybox":true,"showFlares":true,"showImageEffects":true,"showParticleSystems":true},"in2DMode":false,"pivot":{"x":2.5999999046325685,"y":1.4609999656677247,"z":0.0},"rotation":{"x":0.04553985595703125,"y":0.5049052834510803,"z":-0.026689430698752404,"w":0.8615593314170837},"size":41.939598083496097,"orthographic":false}