{"cameraMode":{"drawMode":0,"name":"Shaded","section":"Shading Mode"},"sceneLighting":false,"audioPlay":false,"sceneViewState":{"showFog":true,"showMaterialUpdate":true,"showSkybox":true,"showFlares":true,"showImageEffects":true,"showParticleSystems":true},"in2DMode":false,"pivot":{"x":0.0,"y":1.4800000190734864,"z":-0.41999998688697817},"rotation":{"x":-0.3126043975353241,"y":0.16138260066509248,"z":-0.053982384502887729,"w":-0.9345160126686096},"size":7.000357151031494,"orthographic":false}