{"cameraMode":{"drawMode":0,"name":"Shaded","section":"Shading Mode"},"sceneLighting":true,"audioPlay":false,"sceneViewState":{"showFog":true,"showMaterialUpdate":true,"showSkybox":true,"showFlares":true,"showImageEffects":true,"showParticleSystems":true},"in2DMode":false,"pivot":{"x":-78.18498229980469,"y":0.8220000267028809,"z":-29.597707748413087},"rotation":{"x":0.00025976926553994417,"y":-0.9984753131866455,"z":0.0548759289085865,"w":0.00596995884552598},"size":1.1696393489837647,"orthographic":false}