{"cameraMode":{"drawMode":0,"name":"Shaded","section":"Shading Mode"},"sceneLighting":true,"audioPlay":false,"sceneViewState":{"showFog":true,"showMaterialUpdate":true,"showSkybox":true,"showFlares":true,"showImageEffects":true,"showParticleSystems":true},"in2DMode":false,"pivot":{"x":0.0,"y":1.4800000190734864,"z":-0.41999998688697817},"rotation":{"x":0.07368778437376023,"y":0.03797584027051926,"z":-0.002808245364576578,"w":0.9965541362762451},"size":28.213579177856447,"orthographic":false}