{"cameraMode":{"drawMode":0,"name":"Shaded","section":"Shading Mode"},"sceneLighting":true,"audioPlay":false,"sceneViewState":{"showFog":true,"showMaterialUpdate":true,"showSkybox":true,"showFlares":true,"showImageEffects":true,"showParticleSystems":true},"in2DMode":false,"pivot":{"x":-77.9319839477539,"y":0.3710000216960907,"z":-28.9182071685791},"rotation":{"x":0.15562370419502259,"y":-0.8313688039779663,"z":0.2884269654750824,"w":0.4487951397895813},"size":18.961612701416017,"orthographic":false}