{"cameraMode":{"drawMode":0,"name":"Shaded","section":"Shading Mode"},"sceneLighting":true,"audioPlay":false,"sceneViewState":{"showFog":true,"showMaterialUpdate":true,"showSkybox":true,"showFlares":true,"showImageEffects":true,"showParticleSystems":true},"in2DMode":false,"pivot":{"x":-17.807098388671876,"y":0.8300000429153442,"z":-29.957134246826173},"rotation":{"x":0.0047668712213635448,"y":-0.7403916716575623,"z":-0.005384619347751141,"w":-0.6721373796463013},"size":3.9822607040405275,"orthographic":false}